insert into empresa values(null, 'McDonals', '42.591.651/0001-43');

insert into franquia values(null, 'Mc1000', '01310-200.', 'Bela Vista', '1811', '', 1),
(null, "McDonald's", '01310-100', 'Bela Vista', '810', '', 1),
(null, "McDonald's", '01310-928', 'Bela Vista', '2064', '', 1),
(null, "McDonald's", '06460-030', 'Tamboré', '669', '', 1),
(null, "McDonald's", '06090-023', 'Centro', '3330', '', 1),
(null, "McDonald's", '01502-001', 'Liberdade', '774', '', 1),
(null, "McDonald's", '03011-000', 'Brás', '440/442', '', 1);

insert into gerente values
(null, 'Ana Clara Silva', '123.456.789-01', '(11) 98765-4321', 'ana.silva@example.com', 'AnaC1234!', 1, 1),
(null, 'João Pedro Oliveira', '987.654.321-02', '(21) 91234-5678', 'joao.oliveira@example.com', 'JoaoP5678@', 1, 1),
(null, 'Maria Fernanda Souza', '111.222.333-03', '(31) 99876-5432', 'maria.souza@example.com', 'MariaF8910#', 2, 1),
(null, 'Carlos Eduardo Lima', '444.555.666-04', '(41) 96543-2109', 'carlos.lima@example.com', 'CarlosE1122$', 3, 1),
(null, 'Julia Alves Pereira', '777.888.999-05', '(51) 93456-7890', 'julia.pereira@example.com', 'JuliaA3344%', 3, 1),
(null, 'Gabriel Costa Santos', '222.333.444-06', '(61) 92345-6789', 'gabriel.santos@example.com', 'GabrielC5566^', 4, 1),
(null, 'Laura Martins Rocha', '555.666.777-07', '(71) 93210-8765', 'laura.rocha@example.com', 'LauraM7788&', 4, 1),
(null, 'Lucas Henrique Dias', '888.999.000-08', '(81) 98765-1234', 'lucas.dias@example.com', 'LucasH9900*',5, 1),
(null, 'Isabella Rodrigues Mendes', '999.888.777-09', '(91) 95678-4321', 'isabella.mendes@example.com', 'IsabellaR1122@', 6, 1),
(null, 'Rafael Teixeira Lima', '666.555.444-10', '(11) 92345-6789', 'rafael.lima@example.com', 'RafaelT3344#', 7, 1),
(null, 'Beatriz Gonçalves Alves', '333.444.555-11', '(21) 93456-7890', 'beatriz.alves@example.com', 'BeatrizG5566$', 7, 1),
(null, 'Pedro Henrique Moreira', '444.333.222-12', '(31) 94567-1234', 'pedro.moreira@example.com', 'PedroH7788%', 7, 1),
(null, 'Sofia Ribeiro Batista', '555.222.111-13', '(41) 95678-5432', 'sofia.batista@example.com', 'SofiaR9900^', 2, 1),
(null, 'Mateus Fernandes Cardoso', '111.444.777-14', '(51) 97890-1234', 'mateus.cardoso@example.com', 'MateusF1122&', 4, 1);

insert into tecnico values
(null, 'Alice Pereira Costa', 'alice.costa@example.com', 'AliceP2345#'),
(null, 'Bernardo Lima Azevedo', 'bernardo.azevedo@example.com', 'BernardoL6789$'),
(null, 'Camila Rodrigues Silva', 'camila.silva@example.com', 'CamilaR9101%'),
(null, 'Diego Almeida Nunes', 'diego.nunes@example.com', 'DiegoA1123^'),
(null, 'Elisa Moreira Campos', 'elisa.campos@example.com', 'ElisaM3456@');

insert into totem values
(184329, null, 1, 1),
(597481, null, 1, 1),
(902173, null, 1, 1),
(375290, null, 1, 1),
(816453, null, 2, 1),
(470561, null, 2, 1),
(239846, null, 2, 1),
(682391, null, 2, 1),
(537104, null, 3, 1),
(128374, null, 3, 1),
(916527, null, 3, 1),
(304685, null, 3, 1),
(751239, null, 4, 1),
(847593, null, 4, 1),
(621908, null, 4, 1),
(439275, null, 4, 1),
(582613, null, 5, 1),
(760294, null, 5, 1),
(194736, null, 5, 1),
(835142, null, 5, 1),
(267483, null, 6, 1),
(948210, null, 6, 1),
(573821, null, 6, 1),
(310694, null, 6, 1),
(624159, null, 7, 1),
(789302, null, 7, 1),
(452170, null, 7, 1),
(901635, null, 7, 1);

insert into hardware values
(null, 'CPU', 184329),
(null, 'CPU', 597481),
(null, 'CPU', 902173),
(null, 'CPU', 375290),
(null, 'CPU', 816453),
(null, 'CPU', 470561),
(null, 'CPU', 239846),
(null, 'CPU', 682391),
(null, 'CPU', 537104),
(null, 'CPU', 128374),
(null, 'CPU', 916527),
(null, 'CPU', 304685),
(null, 'CPU', 751239),
(null, 'CPU', 847593),
(null, 'CPU', 621908),
(null, 'CPU', 439275),
(null, 'CPU', 582613),
(null, 'CPU', 760294),
(null, 'CPU', 194736),
(null, 'CPU', 835142),
(null, 'CPU', 267483),
(null, 'CPU', 948210),
(null, 'CPU', 573821),
(null, 'CPU', 310694),
(null, 'CPU', 624159),
(null, 'CPU', 789302),
(null, 'CPU', 452170),
(null, 'CPU', 901635),
(null, 'RAM', 184329),
(null, 'RAM', 597481),
(null, 'RAM', 902173),
(null, 'RAM', 375290),
(null, 'RAM', 816453),
(null, 'RAM', 470561),
(null, 'RAM', 239846),
(null, 'RAM', 682391),
(null, 'RAM', 537104),
(null, 'RAM', 128374),
(null, 'RAM', 916527),
(null, 'RAM', 304685),
(null, 'RAM', 751239),
(null, 'RAM', 847593),
(null, 'RAM', 621908),
(null, 'RAM', 439275),
(null, 'RAM', 582613),
(null, 'RAM', 760294),
(null, 'RAM', 194736),
(null, 'RAM', 835142),
(null, 'RAM', 267483),
(null, 'RAM', 948210),
(null, 'RAM', 573821),
(null, 'RAM', 310694),
(null, 'RAM', 624159),
(null, 'RAM', 789302),
(null, 'RAM', 452170),
(null, 'RAM', 901635),
(null, 'Disco', 184329),
(null, 'Disco', 597481),
(null, 'Disco', 902173),
(null, 'Disco', 375290),
(null, 'Disco', 816453),
(null, 'Disco', 470561),
(null, 'Disco', 239846),
(null, 'Disco', 682391),
(null, 'Disco', 537104),
(null, 'Disco', 128374),
(null, 'Disco', 916527),
(null, 'Disco', 304685),
(null, 'Disco', 751239),
(null, 'Disco', 847593),
(null, 'Disco', 621908),
(null, 'Disco', 439275),
(null, 'Disco', 582613),
(null, 'Disco', 760294),
(null, 'Disco', 194736),
(null, 'Disco', 835142),
(null, 'Disco', 267483),
(null, 'Disco', 948210),
(null, 'Disco', 573821),
(null, 'Disco', 310694),
(null, 'Disco', 624159),
(null, 'Disco', 789302),
(null, 'Disco', 452170),
(null, 'Disco', 901635);

insert into caracteristicaHardware values
(null, 'AMD Ryzen 9 5900X', 'Núcleos/Threads: 12/24', 1, 184329),
(null, 'AMD Ryzen 5 5600X', 'Núcleos/Threads: 6/12', 2, 597481),
(null, 'Intel Core i7-10700K', 'Núcleos/Threads: 8/16', 3, 902173),
(null, 'AMD Ryzen 9 5900X', 'Núcleos/Threads: 12/24', 4, 375290),
(null, 'Intel Core i7-10700K', 'Núcleos/Threads: 8/16', 5, 816453),
(null, 'AMD Ryzen 5 5600X', 'Núcleos/Threads: 6/12', 6, 470561),
(null, 'Apple M1', 'Núcleos/Threads: 8', 7, 239846),
(null, 'AMD Ryzen 9 5900X', 'Núcleos/Threads: 12/24', 8, 682391),
(null, 'Intel Core i7-10700K', 'Núcleos/Threads: 8/16', 9, 537104),
(null, 'AMD Ryzen 5 5600X', 'Núcleos/Threads: 6/12', 10, 128374),
(null, 'Intel Core i7-10700K', 'Núcleos/Threads: 8/16', 11, 916527),
(null, 'Apple M1', 'Núcleos/Threads: 8', 12, 304685),
(null, 'Apple M1', 'Núcleos/Threads: 8', 13, 751239),
(null, 'Intel Core i7-10700K', 'Núcleos/Threads: 8/16', 14, 847593),
(null, 'Intel Core i7-10700K', 'Núcleos/Threads: 8/16', 15, 621908),
(null, 'Apple M1', 'Núcleos/Threads: 8', 16, 439275),
(null, 'AMD Ryzen 5 5600X', 'Núcleos/Threads: 6/12', 17, 582613),
(null, 'Intel Core i9-11900K', 'Núcleos/Threads: 8/16', 18, 760294),
(null, 'AMD Ryzen 5 5600X', 'Núcleos/Threads: 6/12', 19, 194736),
(null, 'Intel Core i9-11900K', 'Núcleos/Threads: 8/16', 20, 835142),
(null, 'AMD Ryzen 9 5900X', 'Núcleos/Threads: 12/24', 21, 267483),
(null, 'Intel Core i9-11900K', 'Núcleos/Threads: 8/16', 22, 948210),
(null, 'Intel Core i7-10700K', 'Núcleos/Threads: 8/16', 23, 573821),
(null, 'AMD Ryzen 5 5600X', 'Núcleos/Threads: 6/12', 24, 310694),
(null, 'Intel Core i9-11900K', 'Núcleos/Threads: 8/16', 25, 624159),
(null, 'Apple M1', 'Núcleos/Threads: 8', 26, 789302),
(null, 'Intel Core i7-10700K', 'Núcleos/Threads: 8/16', 27, 452170),
(null, 'AMD Ryzen 5 5600X', 'Núcleos/Threads: 6/12', 28, 901635),
(null, 'Corsair Vengeance LPX', '16GB/DDR4', 29, 184329),
(null, 'G.Skill Trident Z RGB', '16GB/DDR4', 30, 597481),
(null, 'Kingston HyperX Fury', '16GB/DDR4', 31, 902173),
(null, 'Corsair Vengeance LPX', '16GB/DDR4',32, 375290),
(null, 'Kingston HyperX Fury', '16GB/DDR4', 33, 816453),
(null, 'Crucial Ballistix', '8GB/DDR4', 34, 470561),
(null, 'TeamGroup T-Force Delta RGB', '8GB/DDR4', 35, 239846),
(null, 'Corsair Vengeance LPX', '16GB/DDR4', 36, 682391),
(null, 'TeamGroup T-Force Delta RGB', '8GB/DDR4', 37, 537104),
(null, 'G.Skill Trident Z RGB',  '16GB/DDR4', 38, 128374),
(null, 'Kingston HyperX Fury', '16GB/DDR4', 39, 916527),
(null, 'Corsair Vengeance LPX', '16GB/DDR4', 40, 304685),
(null, 'Crucial Ballistix', '8GB/DDR4', 41, 751239),
(null, 'G.Skill Trident Z RGB', '16GB/DDR4', 42, 847593),
(null, 'TeamGroup T-Force Delta RGB', '8GB/DDR4', 43, 621908),
(null, 'Corsair Vengeance LPX', '16GB/DDR4', 44, 439275),
(null, 'Kingston HyperX Fury', '16GB/DDR4', 45, 582613),
(null, 'Crucial Ballistix', '8GB/DDR4', 46, 760294),
(null, 'Patriot Viper Steel', '8GB/DDR4', 47, 194736),
(null, 'Patriot Viper Steel', '8GB/DDR4', 48, 835142),
(null, 'Corsair Vengeance LPX', '16GB/DDR4', 49, 267483),
(null, 'G.Skill Trident Z RGB',  '16GB/DDR4', 50, 948210),
(null, 'Crucial Ballistix', '8GB/DDR4', 51, 573821),
(null, 'TeamGroup T-Force Delta RGB', '8GB/DDR4', 52, 310694),
(null, 'G.Skill Trident Z RGB',  '16GB/DDR4', 53, 624159),
(null, 'Corsair Vengeance LPX', '16GB/DDR4', 54, 789302),
(null, 'Patriot Viper Steel', '8GB/DDR4', 55, 452170),
(null, 'Patriot Viper Steel', '8GB/DDR4', 56, 901635),
(null, 'Samsung 970 EVO Plus', '1TB/SSD', 57, 184329),
(null, 'Western Digital Blue', '1TB/SSD', 58, 597481),
(null, 'Crucial MX500', '500GB/SSD', 59, 902173),
(null, 'Toshiba Canvio Basics', '2TB/HDD', 60, 375290),
(null, 'Samsung 970 EVO Plus', '1TB/SSD', 61, 816453),
(null, 'Crucial MX500', '500GB/SSD', 62, 470561),
(null, 'Kingston A2000', '1TB/SSD', 63, 239846),
(null, 'Toshiba Canvio Basics', '2TB/HDD', 64, 682391),
(null, 'Western Digital Blue', '1TB/SSD', 65, 537104),
(null, 'Crucial MX500', '500GB/SSD', 66, 128374),
(null, 'Samsung 970 EVO Plus', '1TB/SSD', 67, 916527),
(null, 'Western Digital Black', '4TB/HDD', 68, 304685),
(null, 'Crucial MX500', '500GB/SSD', 69, 751239),
(null, 'Toshiba Canvio Basics', '2TB/HDD', 70, 847593),
(null, 'Kingston A2000', '1TB/SSD', 71, 621908),
(null, 'Western Digital Black', '4TB/HDD', 72, 439275),
(null, 'Samsung 970 EVO Plus', '1TB/SSD', 73, 582613),
(null, 'Crucial MX500', '500GB/SSD', 74, 760294),
(null, 'Seagate Barracuda', '2TB/HDD', 75, 194736),
(null, 'Seagate Barracuda', '2TB/HDD', 76, 835142),
(null, 'Samsung 970 EVO Plus', '1TB/SSD', 77, 267483),
(null, 'Western Digital Blue', '1TB/SSD', 78, 948210),
(null, 'Kingston A2000', '1TB/SSD', 79, 573821),
(null, 'Toshiba Canvio Basics', '2TB/HDD', 80, 310694),
(null, 'Western Digital Black', '4TB/HDD', 81, 624159),
(null, 'Seagate Barracuda', '2TB/HDD', 82, 789302),
(null, 'Western Digital Blue', '1TB/SSD', 83, 452170),
(null, 'Crucial MX500', '500GB/SSD', 84, 901635);

INSERT INTO dadosHardWare (porcentagemUso, dataHora, nomeComponente, fkHardWare, fkTotem) VALUES
(ROUND(RAND() * 100, 2), NOW() - INTERVAL (FLOOR(RAND() * 500)) SECOND, 'CPU', 1, 184329),
(ROUND(RAND() * 100, 2), NOW() - INTERVAL (FLOOR(RAND() * 500)) SECOND, 'CPU', 1, 184329),
(ROUND(RAND() * 100, 2), NOW() - INTERVAL (FLOOR(RAND() * 500)) SECOND, 'CPU', 1, 184329),
(ROUND(RAND() * 100, 2), NOW() - INTERVAL (FLOOR(RAND() * 500)) SECOND, 'CPU', 1, 184329),
(ROUND(RAND() * 100, 2), NOW() - INTERVAL (FLOOR(RAND() * 500)) SECOND, 'CPU', 1, 184329),
(ROUND(RAND() * 100, 2), NOW() - INTERVAL (FLOOR(RAND() * 500)) SECOND, 'CPU', 2, 597481),
(ROUND(RAND() * 100, 2), NOW() - INTERVAL (FLOOR(RAND() * 500)) SECOND, 'CPU', 2, 597481),
(ROUND(RAND() * 100, 2), NOW() - INTERVAL (FLOOR(RAND() * 500)) SECOND, 'CPU', 2, 597481),
(ROUND(RAND() * 100, 2), NOW() - INTERVAL (FLOOR(RAND() * 500)) SECOND, 'CPU', 2, 597481),
(ROUND(RAND() * 100, 2), NOW() - INTERVAL (FLOOR(RAND() * 500)) SECOND, 'CPU', 2, 597481),
(ROUND(RAND() * 100, 2), NOW() - INTERVAL (FLOOR(RAND() * 500)) SECOND, 'CPU', 3, 902173),
(ROUND(RAND() * 100, 2), NOW() - INTERVAL (FLOOR(RAND() * 500)) SECOND, 'CPU', 3, 902173),
(ROUND(RAND() * 100, 2), NOW() - INTERVAL (FLOOR(RAND() * 500)) SECOND, 'CPU', 3, 902173),
(ROUND(RAND() * 100, 2), NOW() - INTERVAL (FLOOR(RAND() * 500)) SECOND, 'CPU', 3, 902173),
(ROUND(RAND() * 100, 2), NOW() - INTERVAL (FLOOR(RAND() * 500)) SECOND, 'CPU', 3, 902173),
(ROUND(RAND() * 100, 2), NOW() - INTERVAL (FLOOR(RAND() * 500)) SECOND, 'CPU', 4, 375290),
(ROUND(RAND() * 100, 2), NOW() - INTERVAL (FLOOR(RAND() * 500)) SECOND, 'CPU', 4, 375290),
(ROUND(RAND() * 100, 2), NOW() - INTERVAL (FLOOR(RAND() * 500)) SECOND, 'CPU', 4, 375290),
(ROUND(RAND() * 100, 2), NOW() - INTERVAL (FLOOR(RAND() * 500)) SECOND, 'CPU', 4, 375290),
(ROUND(RAND() * 100, 2), NOW() - INTERVAL (FLOOR(RAND() * 500)) SECOND, 'CPU', 4, 375290),
(ROUND(RAND() * 100, 2), NOW() - INTERVAL (FLOOR(RAND() * 500)) SECOND, 'CPU', 5, 816453),
(ROUND(RAND() * 100, 2), NOW() - INTERVAL (FLOOR(RAND() * 500)) SECOND, 'CPU', 5, 816453),
(ROUND(RAND() * 100, 2), NOW() - INTERVAL (FLOOR(RAND() * 500)) SECOND, 'CPU', 5, 816453),
(ROUND(RAND() * 100, 2), NOW() - INTERVAL (FLOOR(RAND() * 500)) SECOND, 'CPU', 5, 816453),
(ROUND(RAND() * 100, 2), NOW() - INTERVAL (FLOOR(RAND() * 500)) SECOND, 'CPU', 5, 816453),
(ROUND(RAND() * 100, 2), NOW() - INTERVAL (FLOOR(RAND() * 500)) SECOND, 'CPU', 6, 470561),
(ROUND(RAND() * 100, 2), NOW() - INTERVAL (FLOOR(RAND() * 500)) SECOND, 'CPU', 6, 470561),
(ROUND(RAND() * 100, 2), NOW() - INTERVAL (FLOOR(RAND() * 500)) SECOND, 'CPU', 6, 470561),
(ROUND(RAND() * 100, 2), NOW() - INTERVAL (FLOOR(RAND() * 500)) SECOND, 'CPU', 6, 470561),
(ROUND(RAND() * 100, 2), NOW() - INTERVAL (FLOOR(RAND() * 500)) SECOND, 'CPU', 6, 470561),
(ROUND(RAND() * 100, 2), NOW() - INTERVAL (FLOOR(RAND() * 500)) SECOND, 'CPU', 7, 239846),
(ROUND(RAND() * 100, 2), NOW() - INTERVAL (FLOOR(RAND() * 500)) SECOND, 'CPU', 7, 239846),
(ROUND(RAND() * 100, 2), NOW() - INTERVAL (FLOOR(RAND() * 500)) SECOND, 'CPU', 7, 239846),
(ROUND(RAND() * 100, 2), NOW() - INTERVAL (FLOOR(RAND() * 500)) SECOND, 'CPU', 7, 239846),
(ROUND(RAND() * 100, 2), NOW() - INTERVAL (FLOOR(RAND() * 500)) SECOND, 'CPU', 7, 239846),
(ROUND(RAND() * 100, 2), NOW() - INTERVAL (FLOOR(RAND() * 500)) SECOND, 'CPU', 8, 682391),
(ROUND(RAND() * 100, 2), NOW() - INTERVAL (FLOOR(RAND() * 500)) SECOND, 'CPU', 8, 682391),
(ROUND(RAND() * 100, 2), NOW() - INTERVAL (FLOOR(RAND() * 500)) SECOND, 'CPU', 8, 682391),
(ROUND(RAND() * 100, 2), NOW() - INTERVAL (FLOOR(RAND() * 500)) SECOND, 'CPU', 8, 682391),
(ROUND(RAND() * 100, 2), NOW() - INTERVAL (FLOOR(RAND() * 500)) SECOND, 'CPU', 8, 682391),
(ROUND(RAND() * 100, 2), NOW() - INTERVAL (FLOOR(RAND() * 500)) SECOND, 'CPU', 9, 537104),
(ROUND(RAND() * 100, 2), NOW() - INTERVAL (FLOOR(RAND() * 500)) SECOND, 'CPU', 9, 537104),
(ROUND(RAND() * 100, 2), NOW() - INTERVAL (FLOOR(RAND() * 500)) SECOND, 'CPU', 9, 537104),
(ROUND(RAND() * 100, 2), NOW() - INTERVAL (FLOOR(RAND() * 500)) SECOND, 'CPU', 9, 537104),
(ROUND(RAND() * 100, 2), NOW() - INTERVAL (FLOOR(RAND() * 500)) SECOND, 'CPU', 9, 537104),
(ROUND(RAND() * 100, 2), NOW() - INTERVAL (FLOOR(RAND() * 500)) SECOND, 'CPU', 10, 128374),
(ROUND(RAND() * 100, 2), NOW() - INTERVAL (FLOOR(RAND() * 500)) SECOND, 'CPU', 10, 128374),
(ROUND(RAND() * 100, 2), NOW() - INTERVAL (FLOOR(RAND() * 500)) SECOND, 'CPU', 10, 128374),
(ROUND(RAND() * 100, 2), NOW() - INTERVAL (FLOOR(RAND() * 500)) SECOND, 'CPU', 10, 128374),
(ROUND(RAND() * 100, 2), NOW() - INTERVAL (FLOOR(RAND() * 500)) SECOND, 'CPU', 10, 128374),
(ROUND(RAND() * 100, 2), NOW() - INTERVAL (FLOOR(RAND() * 500)) SECOND, 'CPU', 11, 916527),
(ROUND(RAND() * 100, 2), NOW() - INTERVAL (FLOOR(RAND() * 500)) SECOND, 'CPU', 11, 916527),
(ROUND(RAND() * 100, 2), NOW() - INTERVAL (FLOOR(RAND() * 500)) SECOND, 'CPU', 11, 916527),
(ROUND(RAND() * 100, 2), NOW() - INTERVAL (FLOOR(RAND() * 500)) SECOND, 'CPU', 11, 916527),
(ROUND(RAND() * 100, 2), NOW() - INTERVAL (FLOOR(RAND() * 500)) SECOND, 'CPU', 11, 916527),
(ROUND(RAND() * 100, 2), NOW() - INTERVAL (FLOOR(RAND() * 500)) SECOND, 'CPU', 12, 304685),
(ROUND(RAND() * 100, 2), NOW() - INTERVAL (FLOOR(RAND() * 500)) SECOND, 'CPU', 12, 304685),
(ROUND(RAND() * 100, 2), NOW() - INTERVAL (FLOOR(RAND() * 500)) SECOND, 'CPU', 12, 304685),
(ROUND(RAND() * 100, 2), NOW() - INTERVAL (FLOOR(RAND() * 500)) SECOND, 'CPU', 12, 304685),
(ROUND(RAND() * 100, 2), NOW() - INTERVAL (FLOOR(RAND() * 500)) SECOND, 'CPU', 12, 304685),
(ROUND(RAND() * 100, 2), NOW() - INTERVAL (FLOOR(RAND() * 500)) SECOND, 'CPU', 13, 751239),
(ROUND(RAND() * 100, 2), NOW() - INTERVAL (FLOOR(RAND() * 500)) SECOND, 'CPU', 13, 751239),
(ROUND(RAND() * 100, 2), NOW() - INTERVAL (FLOOR(RAND() * 500)) SECOND, 'CPU', 13, 751239),
(ROUND(RAND() * 100, 2), NOW() - INTERVAL (FLOOR(RAND() * 500)) SECOND, 'CPU', 13, 751239),
(ROUND(RAND() * 100, 2), NOW() - INTERVAL (FLOOR(RAND() * 500)) SECOND, 'CPU', 13, 751239),
(ROUND(RAND() * 100, 2), NOW() - INTERVAL (FLOOR(RAND() * 500)) SECOND, 'CPU', 14, 847593),
(ROUND(RAND() * 100, 2), NOW() - INTERVAL (FLOOR(RAND() * 500)) SECOND, 'CPU', 14, 847593),
(ROUND(RAND() * 100, 2), NOW() - INTERVAL (FLOOR(RAND() * 500)) SECOND, 'CPU', 14, 847593),
(ROUND(RAND() * 100, 2), NOW() - INTERVAL (FLOOR(RAND() * 500)) SECOND, 'CPU', 14, 847593),
(ROUND(RAND() * 100, 2), NOW() - INTERVAL (FLOOR(RAND() * 500)) SECOND, 'CPU', 14, 847593),
(ROUND(RAND() * 100, 2), NOW() - INTERVAL (FLOOR(RAND() * 500)) SECOND, 'CPU', 15, 621908),
(ROUND(RAND() * 100, 2), NOW() - INTERVAL (FLOOR(RAND() * 500)) SECOND, 'CPU', 15, 621908),
(ROUND(RAND() * 100, 2), NOW() - INTERVAL (FLOOR(RAND() * 500)) SECOND, 'CPU', 15, 621908),
(ROUND(RAND() * 100, 2), NOW() - INTERVAL (FLOOR(RAND() * 500)) SECOND, 'CPU', 15, 621908),
(ROUND(RAND() * 100, 2), NOW() - INTERVAL (FLOOR(RAND() * 500)) SECOND, 'CPU', 15, 621908),
(ROUND(RAND() * 100, 2), NOW() - INTERVAL (FLOOR(RAND() * 500)) SECOND, 'CPU', 16, 439275),
(ROUND(RAND() * 100, 2), NOW() - INTERVAL (FLOOR(RAND() * 500)) SECOND, 'CPU', 16, 439275),
(ROUND(RAND() * 100, 2), NOW() - INTERVAL (FLOOR(RAND() * 500)) SECOND, 'CPU', 16, 439275),
(ROUND(RAND() * 100, 2), NOW() - INTERVAL (FLOOR(RAND() * 500)) SECOND, 'CPU', 16, 439275),
(ROUND(RAND() * 100, 2), NOW() - INTERVAL (FLOOR(RAND() * 500)) SECOND, 'CPU', 16, 439275),
(ROUND(RAND() * 100, 2), NOW() - INTERVAL (FLOOR(RAND() * 500)) SECOND, 'CPU', 17, 582613),
(ROUND(RAND() * 100, 2), NOW() - INTERVAL (FLOOR(RAND() * 500)) SECOND, 'CPU', 17, 582613),
(ROUND(RAND() * 100, 2), NOW() - INTERVAL (FLOOR(RAND() * 500)) SECOND, 'CPU', 17, 582613),
(ROUND(RAND() * 100, 2), NOW() - INTERVAL (FLOOR(RAND() * 500)) SECOND, 'CPU', 17, 582613),
(ROUND(RAND() * 100, 2), NOW() - INTERVAL (FLOOR(RAND() * 500)) SECOND, 'CPU', 17, 582613),
(ROUND(RAND() * 100, 2), NOW() - INTERVAL (FLOOR(RAND() * 500)) SECOND, 'CPU', 18, 760294),
(ROUND(RAND() * 100, 2), NOW() - INTERVAL (FLOOR(RAND() * 500)) SECOND, 'CPU', 18, 760294),
(ROUND(RAND() * 100, 2), NOW() - INTERVAL (FLOOR(RAND() * 500)) SECOND, 'CPU', 18, 760294),
(ROUND(RAND() * 100, 2), NOW() - INTERVAL (FLOOR(RAND() * 500)) SECOND, 'CPU', 18, 760294),
(ROUND(RAND() * 100, 2), NOW() - INTERVAL (FLOOR(RAND() * 500)) SECOND, 'CPU', 18, 760294),
(ROUND(RAND() * 100, 2), NOW() - INTERVAL (FLOOR(RAND() * 500)) SECOND, 'CPU', 19, 194736),
(ROUND(RAND() * 100, 2), NOW() - INTERVAL (FLOOR(RAND() * 500)) SECOND, 'CPU', 19, 194736),
(ROUND(RAND() * 100, 2), NOW() - INTERVAL (FLOOR(RAND() * 500)) SECOND, 'CPU', 19, 194736),
(ROUND(RAND() * 100, 2), NOW() - INTERVAL (FLOOR(RAND() * 500)) SECOND, 'CPU', 19, 194736),
(ROUND(RAND() * 100, 2), NOW() - INTERVAL (FLOOR(RAND() * 500)) SECOND, 'CPU', 19, 194736),
(ROUND(RAND() * 100, 2), NOW() - INTERVAL (FLOOR(RAND() * 500)) SECOND, 'CPU', 20, 835142),
(ROUND(RAND() * 100, 2), NOW() - INTERVAL (FLOOR(RAND() * 500)) SECOND, 'CPU', 20, 835142),
(ROUND(RAND() * 100, 2), NOW() - INTERVAL (FLOOR(RAND() * 500)) SECOND, 'CPU', 20, 835142),
(ROUND(RAND() * 100, 2), NOW() - INTERVAL (FLOOR(RAND() * 500)) SECOND, 'CPU', 20, 835142),
(ROUND(RAND() * 100, 2), NOW() - INTERVAL (FLOOR(RAND() * 500)) SECOND, 'CPU', 20, 835142),
(ROUND(RAND() * 100, 2), NOW() - INTERVAL (FLOOR(RAND() * 500)) SECOND, 'CPU', 21, 267483),
(ROUND(RAND() * 100, 2), NOW() - INTERVAL (FLOOR(RAND() * 500)) SECOND, 'CPU', 21, 267483),
(ROUND(RAND() * 100, 2), NOW() - INTERVAL (FLOOR(RAND() * 500)) SECOND, 'CPU', 21, 267483),
(ROUND(RAND() * 100, 2), NOW() - INTERVAL (FLOOR(RAND() * 500)) SECOND, 'CPU', 21, 267483),
(ROUND(RAND() * 100, 2), NOW() - INTERVAL (FLOOR(RAND() * 500)) SECOND, 'CPU', 21, 267483),
(ROUND(RAND() * 100, 2), NOW() - INTERVAL (FLOOR(RAND() * 500)) SECOND, 'CPU', 22, 948210),
(ROUND(RAND() * 100, 2), NOW() - INTERVAL (FLOOR(RAND() * 500)) SECOND, 'CPU', 22, 948210),
(ROUND(RAND() * 100, 2), NOW() - INTERVAL (FLOOR(RAND() * 500)) SECOND, 'CPU', 22, 948210),
(ROUND(RAND() * 100, 2), NOW() - INTERVAL (FLOOR(RAND() * 500)) SECOND, 'CPU', 22, 948210),
(ROUND(RAND() * 100, 2), NOW() - INTERVAL (FLOOR(RAND() * 500)) SECOND, 'CPU', 22, 948210),
(ROUND(RAND() * 100, 2), NOW() - INTERVAL (FLOOR(RAND() * 500)) SECOND, 'CPU', 23, 573821),
(ROUND(RAND() * 100, 2), NOW() - INTERVAL (FLOOR(RAND() * 500)) SECOND, 'CPU', 23, 573821),
(ROUND(RAND() * 100, 2), NOW() - INTERVAL (FLOOR(RAND() * 500)) SECOND, 'CPU', 23, 573821),
(ROUND(RAND() * 100, 2), NOW() - INTERVAL (FLOOR(RAND() * 500)) SECOND, 'CPU', 23, 573821),
(ROUND(RAND() * 100, 2), NOW() - INTERVAL (FLOOR(RAND() * 500)) SECOND, 'CPU', 23, 573821),
(ROUND(RAND() * 100, 2), NOW() - INTERVAL (FLOOR(RAND() * 500)) SECOND, 'CPU', 24, 310694),
(ROUND(RAND() * 100, 2), NOW() - INTERVAL (FLOOR(RAND() * 500)) SECOND, 'CPU', 24, 310694),
(ROUND(RAND() * 100, 2), NOW() - INTERVAL (FLOOR(RAND() * 500)) SECOND, 'CPU', 24, 310694),
(ROUND(RAND() * 100, 2), NOW() - INTERVAL (FLOOR(RAND() * 500)) SECOND, 'CPU', 24, 310694),
(ROUND(RAND() * 100, 2), NOW() - INTERVAL (FLOOR(RAND() * 500)) SECOND, 'CPU', 24, 310694),
(ROUND(RAND() * 100, 2), NOW() - INTERVAL (FLOOR(RAND() * 500)) SECOND, 'CPU', 25, 624159),
(ROUND(RAND() * 100, 2), NOW() - INTERVAL (FLOOR(RAND() * 500)) SECOND, 'CPU', 25, 624159),
(ROUND(RAND() * 100, 2), NOW() - INTERVAL (FLOOR(RAND() * 500)) SECOND, 'CPU', 25, 624159),
(ROUND(RAND() * 100, 2), NOW() - INTERVAL (FLOOR(RAND() * 500)) SECOND, 'CPU', 25, 624159),
(ROUND(RAND() * 100, 2), NOW() - INTERVAL (FLOOR(RAND() * 500)) SECOND, 'CPU', 25, 624159),
(ROUND(RAND() * 100, 2), NOW() - INTERVAL (FLOOR(RAND() * 500)) SECOND, 'CPU', 26, 789302),
(ROUND(RAND() * 100, 2), NOW() - INTERVAL (FLOOR(RAND() * 500)) SECOND, 'CPU', 26, 789302),
(ROUND(RAND() * 100, 2), NOW() - INTERVAL (FLOOR(RAND() * 500)) SECOND, 'CPU', 26, 789302),
(ROUND(RAND() * 100, 2), NOW() - INTERVAL (FLOOR(RAND() * 500)) SECOND, 'CPU', 26, 789302),
(ROUND(RAND() * 100, 2), NOW() - INTERVAL (FLOOR(RAND() * 500)) SECOND, 'CPU', 26, 789302),
(ROUND(RAND() * 100, 2), NOW() - INTERVAL (FLOOR(RAND() * 500)) SECOND, 'CPU', 27, 452170),
(ROUND(RAND() * 100, 2), NOW() - INTERVAL (FLOOR(RAND() * 500)) SECOND, 'CPU', 27, 452170),
(ROUND(RAND() * 100, 2), NOW() - INTERVAL (FLOOR(RAND() * 500)) SECOND, 'CPU', 27, 452170),
(ROUND(RAND() * 100, 2), NOW() - INTERVAL (FLOOR(RAND() * 500)) SECOND, 'CPU', 27, 452170),
(ROUND(RAND() * 100, 2), NOW() - INTERVAL (FLOOR(RAND() * 500)) SECOND, 'CPU', 27, 452170),
(ROUND(RAND() * 100, 2), NOW() - INTERVAL (FLOOR(RAND() * 500)) SECOND, 'CPU', 28, 901635),
(ROUND(RAND() * 100, 2), NOW() - INTERVAL (FLOOR(RAND() * 500)) SECOND, 'CPU', 28, 901635),
(ROUND(RAND() * 100, 2), NOW() - INTERVAL (FLOOR(RAND() * 500)) SECOND, 'CPU', 28, 901635),
(ROUND(RAND() * 100, 2), NOW() - INTERVAL (FLOOR(RAND() * 500)) SECOND, 'CPU', 28, 901635),
(ROUND(RAND() * 100, 2), NOW() - INTERVAL (FLOOR(RAND() * 500)) SECOND, 'CPU', 28, 901635),
(ROUND(RAND() * 100, 2), NOW() - INTERVAL (FLOOR(RAND() * 500)) SECOND, 'Memória RAM', 29, 184329),
(ROUND(RAND() * 100, 2), NOW() - INTERVAL (FLOOR(RAND() * 500)) SECOND, 'Memória RAM', 29, 184329),
(ROUND(RAND() * 100, 2), NOW() - INTERVAL (FLOOR(RAND() * 500)) SECOND, 'Memória RAM', 29, 184329),
(ROUND(RAND() * 100, 2), NOW() - INTERVAL (FLOOR(RAND() * 500)) SECOND, 'Memória RAM', 29, 184329),
(ROUND(RAND() * 100, 2), NOW() - INTERVAL (FLOOR(RAND() * 500)) SECOND, 'Memória RAM', 29, 184329),
(ROUND(RAND() * 100, 2), NOW() - INTERVAL (FLOOR(RAND() * 500)) SECOND, 'Memória RAM', 30, 597481),
(ROUND(RAND() * 100, 2), NOW() - INTERVAL (FLOOR(RAND() * 500)) SECOND, 'Memória RAM', 30, 597481),
(ROUND(RAND() * 100, 2), NOW() - INTERVAL (FLOOR(RAND() * 500)) SECOND, 'Memória RAM', 30, 597481),
(ROUND(RAND() * 100, 2), NOW() - INTERVAL (FLOOR(RAND() * 500)) SECOND, 'Memória RAM', 30, 597481),
(ROUND(RAND() * 100, 2), NOW() - INTERVAL (FLOOR(RAND() * 500)) SECOND, 'Memória RAM', 30, 597481),
(ROUND(RAND() * 100, 2), NOW() - INTERVAL (FLOOR(RAND() * 500)) SECOND, 'Memória RAM', 31, 902173),
(ROUND(RAND() * 100, 2), NOW() - INTERVAL (FLOOR(RAND() * 500)) SECOND, 'Memória RAM', 31, 902173),
(ROUND(RAND() * 100, 2), NOW() - INTERVAL (FLOOR(RAND() * 500)) SECOND, 'Memória RAM', 31, 902173),
(ROUND(RAND() * 100, 2), NOW() - INTERVAL (FLOOR(RAND() * 500)) SECOND, 'Memória RAM', 31, 902173),
(ROUND(RAND() * 100, 2), NOW() - INTERVAL (FLOOR(RAND() * 500)) SECOND, 'Memória RAM', 31, 902173),
(ROUND(RAND() * 100, 2), NOW() - INTERVAL (FLOOR(RAND() * 500)) SECOND, 'Memória RAM', 32, 375290),
(ROUND(RAND() * 100, 2), NOW() - INTERVAL (FLOOR(RAND() * 500)) SECOND, 'Memória RAM', 32, 375290),
(ROUND(RAND() * 100, 2), NOW() - INTERVAL (FLOOR(RAND() * 500)) SECOND, 'Memória RAM', 32, 375290),
(ROUND(RAND() * 100, 2), NOW() - INTERVAL (FLOOR(RAND() * 500)) SECOND, 'Memória RAM', 32, 375290),
(ROUND(RAND() * 100, 2), NOW() - INTERVAL (FLOOR(RAND() * 500)) SECOND, 'Memória RAM', 32, 375290),
(ROUND(RAND() * 100, 2), NOW() - INTERVAL (FLOOR(RAND() * 500)) SECOND, 'Memória RAM', 33, 816453),
(ROUND(RAND() * 100, 2), NOW() - INTERVAL (FLOOR(RAND() * 500)) SECOND, 'Memória RAM', 33, 816453),
(ROUND(RAND() * 100, 2), NOW() - INTERVAL (FLOOR(RAND() * 500)) SECOND, 'Memória RAM', 33, 816453),
(ROUND(RAND() * 100, 2), NOW() - INTERVAL (FLOOR(RAND() * 500)) SECOND, 'Memória RAM', 33, 816453),
(ROUND(RAND() * 100, 2), NOW() - INTERVAL (FLOOR(RAND() * 500)) SECOND, 'Memória RAM', 33, 816453),
(ROUND(RAND() * 100, 2), NOW() - INTERVAL (FLOOR(RAND() * 500)) SECOND, 'Memória RAM', 34, 470561),
(ROUND(RAND() * 100, 2), NOW() - INTERVAL (FLOOR(RAND() * 500)) SECOND, 'Memória RAM', 34, 470561),
(ROUND(RAND() * 100, 2), NOW() - INTERVAL (FLOOR(RAND() * 500)) SECOND, 'Memória RAM', 34, 470561),
(ROUND(RAND() * 100, 2), NOW() - INTERVAL (FLOOR(RAND() * 500)) SECOND, 'Memória RAM', 34, 470561),
(ROUND(RAND() * 100, 2), NOW() - INTERVAL (FLOOR(RAND() * 500)) SECOND, 'Memória RAM', 34, 470561),
(ROUND(RAND() * 100, 2), NOW() - INTERVAL (FLOOR(RAND() * 500)) SECOND, 'Memória RAM', 35, 239846),
(ROUND(RAND() * 100, 2), NOW() - INTERVAL (FLOOR(RAND() * 500)) SECOND, 'Memória RAM', 35, 239846),
(ROUND(RAND() * 100, 2), NOW() - INTERVAL (FLOOR(RAND() * 500)) SECOND, 'Memória RAM', 35, 239846),
(ROUND(RAND() * 100, 2), NOW() - INTERVAL (FLOOR(RAND() * 500)) SECOND, 'Memória RAM', 35, 239846),
(ROUND(RAND() * 100, 2), NOW() - INTERVAL (FLOOR(RAND() * 500)) SECOND, 'Memória RAM', 35, 239846),
(ROUND(RAND() * 100, 2), NOW() - INTERVAL (FLOOR(RAND() * 500)) SECOND, 'Memória RAM', 36, 682391),
(ROUND(RAND() * 100, 2), NOW() - INTERVAL (FLOOR(RAND() * 500)) SECOND, 'Memória RAM', 36, 682391),
(ROUND(RAND() * 100, 2), NOW() - INTERVAL (FLOOR(RAND() * 500)) SECOND, 'Memória RAM', 36, 682391),
(ROUND(RAND() * 100, 2), NOW() - INTERVAL (FLOOR(RAND() * 500)) SECOND, 'Memória RAM', 36, 682391),
(ROUND(RAND() * 100, 2), NOW() - INTERVAL (FLOOR(RAND() * 500)) SECOND, 'Memória RAM', 36, 682391),
(ROUND(RAND() * 100, 2), NOW() - INTERVAL (FLOOR(RAND() * 500)) SECOND, 'Memória RAM', 37, 537104),
(ROUND(RAND() * 100, 2), NOW() - INTERVAL (FLOOR(RAND() * 500)) SECOND, 'Memória RAM', 37, 537104),
(ROUND(RAND() * 100, 2), NOW() - INTERVAL (FLOOR(RAND() * 500)) SECOND, 'Memória RAM', 37, 537104),
(ROUND(RAND() * 100, 2), NOW() - INTERVAL (FLOOR(RAND() * 500)) SECOND, 'Memória RAM', 37, 537104),
(ROUND(RAND() * 100, 2), NOW() - INTERVAL (FLOOR(RAND() * 500)) SECOND, 'Memória RAM', 37, 537104),
(ROUND(RAND() * 100, 2), NOW() - INTERVAL (FLOOR(RAND() * 500)) SECOND, 'Memória RAM', 38, 128374),
(ROUND(RAND() * 100, 2), NOW() - INTERVAL (FLOOR(RAND() * 500)) SECOND, 'Memória RAM', 38, 128374),
(ROUND(RAND() * 100, 2), NOW() - INTERVAL (FLOOR(RAND() * 500)) SECOND, 'Memória RAM', 38, 128374),
(ROUND(RAND() * 100, 2), NOW() - INTERVAL (FLOOR(RAND() * 500)) SECOND, 'Memória RAM', 38, 128374),
(ROUND(RAND() * 100, 2), NOW() - INTERVAL (FLOOR(RAND() * 500)) SECOND, 'Memória RAM', 38, 128374),
(ROUND(RAND() * 100, 2), NOW() - INTERVAL (FLOOR(RAND() * 500)) SECOND, 'Memória RAM', 39, 916527),
(ROUND(RAND() * 100, 2), NOW() - INTERVAL (FLOOR(RAND() * 500)) SECOND, 'Memória RAM', 39, 916527),
(ROUND(RAND() * 100, 2), NOW() - INTERVAL (FLOOR(RAND() * 500)) SECOND, 'Memória RAM', 39, 916527),
(ROUND(RAND() * 100, 2), NOW() - INTERVAL (FLOOR(RAND() * 500)) SECOND, 'Memória RAM', 39, 916527),
(ROUND(RAND() * 100, 2), NOW() - INTERVAL (FLOOR(RAND() * 500)) SECOND, 'Memória RAM', 39, 916527),
(ROUND(RAND() * 100, 2), NOW() - INTERVAL (FLOOR(RAND() * 500)) SECOND, 'Memória RAM', 40, 304685),
(ROUND(RAND() * 100, 2), NOW() - INTERVAL (FLOOR(RAND() * 500)) SECOND, 'Memória RAM', 40, 304685),
(ROUND(RAND() * 100, 2), NOW() - INTERVAL (FLOOR(RAND() * 500)) SECOND, 'Memória RAM', 40, 304685),
(ROUND(RAND() * 100, 2), NOW() - INTERVAL (FLOOR(RAND() * 500)) SECOND, 'Memória RAM', 40, 304685),
(ROUND(RAND() * 100, 2), NOW() - INTERVAL (FLOOR(RAND() * 500)) SECOND, 'Memória RAM', 40, 304685),
(ROUND(RAND() * 100, 2), NOW() - INTERVAL (FLOOR(RAND() * 500)) SECOND, 'Memória RAM', 41, 751239),
(ROUND(RAND() * 100, 2), NOW() - INTERVAL (FLOOR(RAND() * 500)) SECOND, 'Memória RAM', 41, 751239),
(ROUND(RAND() * 100, 2), NOW() - INTERVAL (FLOOR(RAND() * 500)) SECOND, 'Memória RAM', 41, 751239),
(ROUND(RAND() * 100, 2), NOW() - INTERVAL (FLOOR(RAND() * 500)) SECOND, 'Memória RAM', 41, 751239),
(ROUND(RAND() * 100, 2), NOW() - INTERVAL (FLOOR(RAND() * 500)) SECOND, 'Memória RAM', 41, 751239),
(ROUND(RAND() * 100, 2), NOW() - INTERVAL (FLOOR(RAND() * 500)) SECOND, 'Memória RAM', 42, 847593),
(ROUND(RAND() * 100, 2), NOW() - INTERVAL (FLOOR(RAND() * 500)) SECOND, 'Memória RAM', 42, 847593),
(ROUND(RAND() * 100, 2), NOW() - INTERVAL (FLOOR(RAND() * 500)) SECOND, 'Memória RAM', 42, 847593),
(ROUND(RAND() * 100, 2), NOW() - INTERVAL (FLOOR(RAND() * 500)) SECOND, 'Memória RAM', 42, 847593),
(ROUND(RAND() * 100, 2), NOW() - INTERVAL (FLOOR(RAND() * 500)) SECOND, 'Memória RAM', 42, 847593),
(ROUND(RAND() * 100, 2), NOW() - INTERVAL (FLOOR(RAND() * 500)) SECOND, 'Memória RAM', 43, 621908),
(ROUND(RAND() * 100, 2), NOW() - INTERVAL (FLOOR(RAND() * 500)) SECOND, 'Memória RAM', 43, 621908),
(ROUND(RAND() * 100, 2), NOW() - INTERVAL (FLOOR(RAND() * 500)) SECOND, 'Memória RAM', 43, 621908),
(ROUND(RAND() * 100, 2), NOW() - INTERVAL (FLOOR(RAND() * 500)) SECOND, 'Memória RAM', 43, 621908),
(ROUND(RAND() * 100, 2), NOW() - INTERVAL (FLOOR(RAND() * 500)) SECOND, 'Memória RAM', 43, 621908),
(ROUND(RAND() * 100, 2), NOW() - INTERVAL (FLOOR(RAND() * 500)) SECOND, 'Memória RAM', 44, 439275),
(ROUND(RAND() * 100, 2), NOW() - INTERVAL (FLOOR(RAND() * 500)) SECOND, 'Memória RAM', 44, 439275),
(ROUND(RAND() * 100, 2), NOW() - INTERVAL (FLOOR(RAND() * 500)) SECOND, 'Memória RAM', 44, 439275),
(ROUND(RAND() * 100, 2), NOW() - INTERVAL (FLOOR(RAND() * 500)) SECOND, 'Memória RAM', 44, 439275),
(ROUND(RAND() * 100, 2), NOW() - INTERVAL (FLOOR(RAND() * 500)) SECOND, 'Memória RAM', 44, 439275),
(ROUND(RAND() * 100, 2), NOW() - INTERVAL (FLOOR(RAND() * 500)) SECOND, 'Memória RAM', 45, 582613),
(ROUND(RAND() * 100, 2), NOW() - INTERVAL (FLOOR(RAND() * 500)) SECOND, 'Memória RAM', 45, 582613),
(ROUND(RAND() * 100, 2), NOW() - INTERVAL (FLOOR(RAND() * 500)) SECOND, 'Memória RAM', 45, 582613),
(ROUND(RAND() * 100, 2), NOW() - INTERVAL (FLOOR(RAND() * 500)) SECOND, 'Memória RAM', 45, 582613),
(ROUND(RAND() * 100, 2), NOW() - INTERVAL (FLOOR(RAND() * 500)) SECOND, 'Memória RAM', 45, 582613),
(ROUND(RAND() * 100, 2), NOW() - INTERVAL (FLOOR(RAND() * 500)) SECOND, 'Memória RAM', 46, 760294),
(ROUND(RAND() * 100, 2), NOW() - INTERVAL (FLOOR(RAND() * 500)) SECOND, 'Memória RAM', 46, 760294),
(ROUND(RAND() * 100, 2), NOW() - INTERVAL (FLOOR(RAND() * 500)) SECOND, 'Memória RAM', 46, 760294),
(ROUND(RAND() * 100, 2), NOW() - INTERVAL (FLOOR(RAND() * 500)) SECOND, 'Memória RAM', 46, 760294),
(ROUND(RAND() * 100, 2), NOW() - INTERVAL (FLOOR(RAND() * 500)) SECOND, 'Memória RAM', 46, 760294),
(ROUND(RAND() * 100, 2), NOW() - INTERVAL (FLOOR(RAND() * 500)) SECOND, 'Memória RAM', 47, 194736),
(ROUND(RAND() * 100, 2), NOW() - INTERVAL (FLOOR(RAND() * 500)) SECOND, 'Memória RAM', 47, 194736),
(ROUND(RAND() * 100, 2), NOW() - INTERVAL (FLOOR(RAND() * 500)) SECOND, 'Memória RAM', 47, 194736),
(ROUND(RAND() * 100, 2), NOW() - INTERVAL (FLOOR(RAND() * 500)) SECOND, 'Memória RAM', 47, 194736),
(ROUND(RAND() * 100, 2), NOW() - INTERVAL (FLOOR(RAND() * 500)) SECOND, 'Memória RAM', 47, 194736),
(ROUND(RAND() * 100, 2), NOW() - INTERVAL (FLOOR(RAND() * 500)) SECOND, 'Memória RAM', 48, 835142),
(ROUND(RAND() * 100, 2), NOW() - INTERVAL (FLOOR(RAND() * 500)) SECOND, 'Memória RAM', 48, 835142),
(ROUND(RAND() * 100, 2), NOW() - INTERVAL (FLOOR(RAND() * 500)) SECOND, 'Memória RAM', 48, 835142),
(ROUND(RAND() * 100, 2), NOW() - INTERVAL (FLOOR(RAND() * 500)) SECOND, 'Memória RAM', 48, 835142),
(ROUND(RAND() * 100, 2), NOW() - INTERVAL (FLOOR(RAND() * 500)) SECOND, 'Memória RAM', 48, 835142),
(ROUND(RAND() * 100, 2), NOW() - INTERVAL (FLOOR(RAND() * 500)) SECOND, 'Memória RAM', 49, 267483),
(ROUND(RAND() * 100, 2), NOW() - INTERVAL (FLOOR(RAND() * 500)) SECOND, 'Memória RAM', 49, 267483),
(ROUND(RAND() * 100, 2), NOW() - INTERVAL (FLOOR(RAND() * 500)) SECOND, 'Memória RAM', 49, 267483),
(ROUND(RAND() * 100, 2), NOW() - INTERVAL (FLOOR(RAND() * 500)) SECOND, 'Memória RAM', 49, 267483),
(ROUND(RAND() * 100, 2), NOW() - INTERVAL (FLOOR(RAND() * 500)) SECOND, 'Memória RAM', 49, 267483),
(ROUND(RAND() * 100, 2), NOW() - INTERVAL (FLOOR(RAND() * 500)) SECOND, 'Memória RAM', 50, 948210),
(ROUND(RAND() * 100, 2), NOW() - INTERVAL (FLOOR(RAND() * 500)) SECOND, 'Memória RAM', 50, 948210),
(ROUND(RAND() * 100, 2), NOW() - INTERVAL (FLOOR(RAND() * 500)) SECOND, 'Memória RAM', 50, 948210),
(ROUND(RAND() * 100, 2), NOW() - INTERVAL (FLOOR(RAND() * 500)) SECOND, 'Memória RAM', 50, 948210),
(ROUND(RAND() * 100, 2), NOW() - INTERVAL (FLOOR(RAND() * 500)) SECOND, 'Memória RAM', 50, 948210),
(ROUND(RAND() * 100, 2), NOW() - INTERVAL (FLOOR(RAND() * 500)) SECOND, 'Memória RAM', 51, 573821),
(ROUND(RAND() * 100, 2), NOW() - INTERVAL (FLOOR(RAND() * 500)) SECOND, 'Memória RAM', 51, 573821),
(ROUND(RAND() * 100, 2), NOW() - INTERVAL (FLOOR(RAND() * 500)) SECOND, 'Memória RAM', 51, 573821),
(ROUND(RAND() * 100, 2), NOW() - INTERVAL (FLOOR(RAND() * 500)) SECOND, 'Memória RAM', 51, 573821),
(ROUND(RAND() * 100, 2), NOW() - INTERVAL (FLOOR(RAND() * 500)) SECOND, 'Memória RAM', 51, 573821),
(ROUND(RAND() * 100, 2), NOW() - INTERVAL (FLOOR(RAND() * 500)) SECOND, 'Memória RAM', 52, 310694),
(ROUND(RAND() * 100, 2), NOW() - INTERVAL (FLOOR(RAND() * 500)) SECOND, 'Memória RAM', 52, 310694),
(ROUND(RAND() * 100, 2), NOW() - INTERVAL (FLOOR(RAND() * 500)) SECOND, 'Memória RAM', 52, 310694),
(ROUND(RAND() * 100, 2), NOW() - INTERVAL (FLOOR(RAND() * 500)) SECOND, 'Memória RAM', 52, 310694),
(ROUND(RAND() * 100, 2), NOW() - INTERVAL (FLOOR(RAND() * 500)) SECOND, 'Memória RAM', 52, 310694),
(ROUND(RAND() * 100, 2), NOW() - INTERVAL (FLOOR(RAND() * 500)) SECOND, 'Memória RAM', 53, 624159),
(ROUND(RAND() * 100, 2), NOW() - INTERVAL (FLOOR(RAND() * 500)) SECOND, 'Memória RAM', 53, 624159),
(ROUND(RAND() * 100, 2), NOW() - INTERVAL (FLOOR(RAND() * 500)) SECOND, 'Memória RAM', 53, 624159),
(ROUND(RAND() * 100, 2), NOW() - INTERVAL (FLOOR(RAND() * 500)) SECOND, 'Memória RAM', 53, 624159),
(ROUND(RAND() * 100, 2), NOW() - INTERVAL (FLOOR(RAND() * 500)) SECOND, 'Memória RAM', 53, 624159),
(ROUND(RAND() * 100, 2), NOW() - INTERVAL (FLOOR(RAND() * 500)) SECOND, 'Memória RAM', 54, 789302),
(ROUND(RAND() * 100, 2), NOW() - INTERVAL (FLOOR(RAND() * 500)) SECOND, 'Memória RAM', 54, 789302),
(ROUND(RAND() * 100, 2), NOW() - INTERVAL (FLOOR(RAND() * 500)) SECOND, 'Memória RAM', 54, 789302),
(ROUND(RAND() * 100, 2), NOW() - INTERVAL (FLOOR(RAND() * 500)) SECOND, 'Memória RAM', 54, 789302),
(ROUND(RAND() * 100, 2), NOW() - INTERVAL (FLOOR(RAND() * 500)) SECOND, 'Memória RAM', 54, 789302),
(ROUND(RAND() * 100, 2), NOW() - INTERVAL (FLOOR(RAND() * 500)) SECOND, 'Memória RAM', 55, 452170),
(ROUND(RAND() * 100, 2), NOW() - INTERVAL (FLOOR(RAND() * 500)) SECOND, 'Memória RAM', 55, 452170),
(ROUND(RAND() * 100, 2), NOW() - INTERVAL (FLOOR(RAND() * 500)) SECOND, 'Memória RAM', 55, 452170),
(ROUND(RAND() * 100, 2), NOW() - INTERVAL (FLOOR(RAND() * 500)) SECOND, 'Memória RAM', 55, 452170),
(ROUND(RAND() * 100, 2), NOW() - INTERVAL (FLOOR(RAND() * 500)) SECOND, 'Memória RAM', 55, 452170),
(ROUND(RAND() * 100, 2), NOW() - INTERVAL (FLOOR(RAND() * 500)) SECOND, 'Memória RAM', 56, 901635),
(ROUND(RAND() * 100, 2), NOW() - INTERVAL (FLOOR(RAND() * 500)) SECOND, 'Memória RAM', 56, 901635),
(ROUND(RAND() * 100, 2), NOW() - INTERVAL (FLOOR(RAND() * 500)) SECOND, 'Memória RAM', 56, 901635),
(ROUND(RAND() * 100, 2), NOW() - INTERVAL (FLOOR(RAND() * 500)) SECOND, 'Memória RAM', 56, 901635),
(ROUND(RAND() * 100, 2), NOW() - INTERVAL (FLOOR(RAND() * 500)) SECOND, 'Memória RAM', 56, 901635),
(ROUND(RAND() * 100, 2), NOW() - INTERVAL (FLOOR(RAND() * 500)) SECOND, 'Disco', 57, 184329),
(ROUND(RAND() * 100, 2), NOW() - INTERVAL (FLOOR(RAND() * 500)) SECOND, 'Disco', 57, 184329),
(ROUND(RAND() * 100, 2), NOW() - INTERVAL (FLOOR(RAND() * 500)) SECOND, 'Disco', 57, 184329),
(ROUND(RAND() * 100, 2), NOW() - INTERVAL (FLOOR(RAND() * 500)) SECOND, 'Disco', 57, 184329),
(ROUND(RAND() * 100, 2), NOW() - INTERVAL (FLOOR(RAND() * 500)) SECOND, 'Disco', 57, 184329),
(ROUND(RAND() * 100, 2), NOW() - INTERVAL (FLOOR(RAND() * 500)) SECOND, 'Disco', 58, 597481),
(ROUND(RAND() * 100, 2), NOW() - INTERVAL (FLOOR(RAND() * 500)) SECOND, 'Disco', 58, 597481),
(ROUND(RAND() * 100, 2), NOW() - INTERVAL (FLOOR(RAND() * 500)) SECOND, 'Disco', 58, 597481),
(ROUND(RAND() * 100, 2), NOW() - INTERVAL (FLOOR(RAND() * 500)) SECOND, 'Disco', 58, 597481),
(ROUND(RAND() * 100, 2), NOW() - INTERVAL (FLOOR(RAND() * 500)) SECOND, 'Disco', 58, 597481),
(ROUND(RAND() * 100, 2), NOW() - INTERVAL (FLOOR(RAND() * 500)) SECOND, 'Disco', 59, 902173),
(ROUND(RAND() * 100, 2), NOW() - INTERVAL (FLOOR(RAND() * 500)) SECOND, 'Disco', 59, 902173),
(ROUND(RAND() * 100, 2), NOW() - INTERVAL (FLOOR(RAND() * 500)) SECOND, 'Disco', 59, 902173),
(ROUND(RAND() * 100, 2), NOW() - INTERVAL (FLOOR(RAND() * 500)) SECOND, 'Disco', 59, 902173),
(ROUND(RAND() * 100, 2), NOW() - INTERVAL (FLOOR(RAND() * 500)) SECOND, 'Disco', 59, 902173),
(ROUND(RAND() * 100, 2), NOW() - INTERVAL (FLOOR(RAND() * 500)) SECOND, 'Disco', 60, 375290),
(ROUND(RAND() * 100, 2), NOW() - INTERVAL (FLOOR(RAND() * 500)) SECOND, 'Disco', 60, 375290),
(ROUND(RAND() * 100, 2), NOW() - INTERVAL (FLOOR(RAND() * 500)) SECOND, 'Disco', 60, 375290),
(ROUND(RAND() * 100, 2), NOW() - INTERVAL (FLOOR(RAND() * 500)) SECOND, 'Disco', 60, 375290),
(ROUND(RAND() * 100, 2), NOW() - INTERVAL (FLOOR(RAND() * 500)) SECOND, 'Disco', 60, 375290),
(ROUND(RAND() * 100, 2), NOW() - INTERVAL (FLOOR(RAND() * 500)) SECOND, 'Disco', 61, 816453),
(ROUND(RAND() * 100, 2), NOW() - INTERVAL (FLOOR(RAND() * 500)) SECOND, 'Disco', 61, 816453),
(ROUND(RAND() * 100, 2), NOW() - INTERVAL (FLOOR(RAND() * 500)) SECOND, 'Disco', 61, 816453),
(ROUND(RAND() * 100, 2), NOW() - INTERVAL (FLOOR(RAND() * 500)) SECOND, 'Disco', 61, 816453),
(ROUND(RAND() * 100, 2), NOW() - INTERVAL (FLOOR(RAND() * 500)) SECOND, 'Disco', 61, 816453),
(ROUND(RAND() * 100, 2), NOW() - INTERVAL (FLOOR(RAND() * 500)) SECOND, 'Disco', 62, 470561),
(ROUND(RAND() * 100, 2), NOW() - INTERVAL (FLOOR(RAND() * 500)) SECOND, 'Disco', 62, 470561),
(ROUND(RAND() * 100, 2), NOW() - INTERVAL (FLOOR(RAND() * 500)) SECOND, 'Disco', 62, 470561),
(ROUND(RAND() * 100, 2), NOW() - INTERVAL (FLOOR(RAND() * 500)) SECOND, 'Disco', 62, 470561),
(ROUND(RAND() * 100, 2), NOW() - INTERVAL (FLOOR(RAND() * 500)) SECOND, 'Disco', 62, 470561),
(ROUND(RAND() * 100, 2), NOW() - INTERVAL (FLOOR(RAND() * 500)) SECOND, 'Disco', 63, 239846),
(ROUND(RAND() * 100, 2), NOW() - INTERVAL (FLOOR(RAND() * 500)) SECOND, 'Disco', 63, 239846),
(ROUND(RAND() * 100, 2), NOW() - INTERVAL (FLOOR(RAND() * 500)) SECOND, 'Disco', 63, 239846),
(ROUND(RAND() * 100, 2), NOW() - INTERVAL (FLOOR(RAND() * 500)) SECOND, 'Disco', 63, 239846),
(ROUND(RAND() * 100, 2), NOW() - INTERVAL (FLOOR(RAND() * 500)) SECOND, 'Disco', 63, 239846),
(ROUND(RAND() * 100, 2), NOW() - INTERVAL (FLOOR(RAND() * 500)) SECOND, 'Disco', 64, 682391),
(ROUND(RAND() * 100, 2), NOW() - INTERVAL (FLOOR(RAND() * 500)) SECOND, 'Disco', 64, 682391),
(ROUND(RAND() * 100, 2), NOW() - INTERVAL (FLOOR(RAND() * 500)) SECOND, 'Disco', 64, 682391),
(ROUND(RAND() * 100, 2), NOW() - INTERVAL (FLOOR(RAND() * 500)) SECOND, 'Disco', 64, 682391),
(ROUND(RAND() * 100, 2), NOW() - INTERVAL (FLOOR(RAND() * 500)) SECOND, 'Disco', 64, 682391),
(ROUND(RAND() * 100, 2), NOW() - INTERVAL (FLOOR(RAND() * 500)) SECOND, 'Disco', 65, 537104),
(ROUND(RAND() * 100, 2), NOW() - INTERVAL (FLOOR(RAND() * 500)) SECOND, 'Disco', 65, 537104),
(ROUND(RAND() * 100, 2), NOW() - INTERVAL (FLOOR(RAND() * 500)) SECOND, 'Disco', 65, 537104),
(ROUND(RAND() * 100, 2), NOW() - INTERVAL (FLOOR(RAND() * 500)) SECOND, 'Disco', 65, 537104),
(ROUND(RAND() * 100, 2), NOW() - INTERVAL (FLOOR(RAND() * 500)) SECOND, 'Disco', 65, 537104),
(ROUND(RAND() * 100, 2), NOW() - INTERVAL (FLOOR(RAND() * 500)) SECOND, 'Disco', 66, 128374),
(ROUND(RAND() * 100, 2), NOW() - INTERVAL (FLOOR(RAND() * 500)) SECOND, 'Disco', 66, 128374),
(ROUND(RAND() * 100, 2), NOW() - INTERVAL (FLOOR(RAND() * 500)) SECOND, 'Disco', 66, 128374),
(ROUND(RAND() * 100, 2), NOW() - INTERVAL (FLOOR(RAND() * 500)) SECOND, 'Disco', 66, 128374),
(ROUND(RAND() * 100, 2), NOW() - INTERVAL (FLOOR(RAND() * 500)) SECOND, 'Disco', 66, 128374),
(ROUND(RAND() * 100, 2), NOW() - INTERVAL (FLOOR(RAND() * 500)) SECOND, 'Disco', 67, 916527),
(ROUND(RAND() * 100, 2), NOW() - INTERVAL (FLOOR(RAND() * 500)) SECOND, 'Disco', 67, 916527),
(ROUND(RAND() * 100, 2), NOW() - INTERVAL (FLOOR(RAND() * 500)) SECOND, 'Disco', 67, 916527),
(ROUND(RAND() * 100, 2), NOW() - INTERVAL (FLOOR(RAND() * 500)) SECOND, 'Disco', 67, 916527),
(ROUND(RAND() * 100, 2), NOW() - INTERVAL (FLOOR(RAND() * 500)) SECOND, 'Disco', 67, 916527),
(ROUND(RAND() * 100, 2), NOW() - INTERVAL (FLOOR(RAND() * 500)) SECOND, 'Disco', 68, 304685),
(ROUND(RAND() * 100, 2), NOW() - INTERVAL (FLOOR(RAND() * 500)) SECOND, 'Disco', 68, 304685),
(ROUND(RAND() * 100, 2), NOW() - INTERVAL (FLOOR(RAND() * 500)) SECOND, 'Disco', 68, 304685),
(ROUND(RAND() * 100, 2), NOW() - INTERVAL (FLOOR(RAND() * 500)) SECOND, 'Disco', 68, 304685),
(ROUND(RAND() * 100, 2), NOW() - INTERVAL (FLOOR(RAND() * 500)) SECOND, 'Disco', 68, 304685),
(ROUND(RAND() * 100, 2), NOW() - INTERVAL (FLOOR(RAND() * 500)) SECOND, 'Disco', 69, 751239),
(ROUND(RAND() * 100, 2), NOW() - INTERVAL (FLOOR(RAND() * 500)) SECOND, 'Disco', 69, 751239),
(ROUND(RAND() * 100, 2), NOW() - INTERVAL (FLOOR(RAND() * 500)) SECOND, 'Disco', 69, 751239),
(ROUND(RAND() * 100, 2), NOW() - INTERVAL (FLOOR(RAND() * 500)) SECOND, 'Disco', 69, 751239),
(ROUND(RAND() * 100, 2), NOW() - INTERVAL (FLOOR(RAND() * 500)) SECOND, 'Disco', 69, 751239),
(ROUND(RAND() * 100, 2), NOW() - INTERVAL (FLOOR(RAND() * 500)) SECOND, 'Disco', 70, 847593),
(ROUND(RAND() * 100, 2), NOW() - INTERVAL (FLOOR(RAND() * 500)) SECOND, 'Disco', 70, 847593),
(ROUND(RAND() * 100, 2), NOW() - INTERVAL (FLOOR(RAND() * 500)) SECOND, 'Disco', 70, 847593),
(ROUND(RAND() * 100, 2), NOW() - INTERVAL (FLOOR(RAND() * 500)) SECOND, 'Disco', 70, 847593),
(ROUND(RAND() * 100, 2), NOW() - INTERVAL (FLOOR(RAND() * 500)) SECOND, 'Disco', 70, 847593),
(ROUND(RAND() * 100, 2), NOW() - INTERVAL (FLOOR(RAND() * 500)) SECOND, 'Disco', 71, 621908),
(ROUND(RAND() * 100, 2), NOW() - INTERVAL (FLOOR(RAND() * 500)) SECOND, 'Disco', 71, 621908),
(ROUND(RAND() * 100, 2), NOW() - INTERVAL (FLOOR(RAND() * 500)) SECOND, 'Disco', 71, 621908),
(ROUND(RAND() * 100, 2), NOW() - INTERVAL (FLOOR(RAND() * 500)) SECOND, 'Disco', 71, 621908),
(ROUND(RAND() * 100, 2), NOW() - INTERVAL (FLOOR(RAND() * 500)) SECOND, 'Disco', 71, 621908),
(ROUND(RAND() * 100, 2), NOW() - INTERVAL (FLOOR(RAND() * 500)) SECOND, 'Disco', 72, 439275),
(ROUND(RAND() * 100, 2), NOW() - INTERVAL (FLOOR(RAND() * 500)) SECOND, 'Disco', 72, 439275),
(ROUND(RAND() * 100, 2), NOW() - INTERVAL (FLOOR(RAND() * 500)) SECOND, 'Disco', 72, 439275),
(ROUND(RAND() * 100, 2), NOW() - INTERVAL (FLOOR(RAND() * 500)) SECOND, 'Disco', 72, 439275),
(ROUND(RAND() * 100, 2), NOW() - INTERVAL (FLOOR(RAND() * 500)) SECOND, 'Disco', 72, 439275),
(ROUND(RAND() * 100, 2), NOW() - INTERVAL (FLOOR(RAND() * 500)) SECOND, 'Disco', 73, 582613),
(ROUND(RAND() * 100, 2), NOW() - INTERVAL (FLOOR(RAND() * 500)) SECOND, 'Disco', 73, 582613),
(ROUND(RAND() * 100, 2), NOW() - INTERVAL (FLOOR(RAND() * 500)) SECOND, 'Disco', 73, 582613),
(ROUND(RAND() * 100, 2), NOW() - INTERVAL (FLOOR(RAND() * 500)) SECOND, 'Disco', 73, 582613),
(ROUND(RAND() * 100, 2), NOW() - INTERVAL (FLOOR(RAND() * 500)) SECOND, 'Disco', 73, 582613),
(ROUND(RAND() * 100, 2), NOW() - INTERVAL (FLOOR(RAND() * 500)) SECOND, 'Disco', 74, 760294),
(ROUND(RAND() * 100, 2), NOW() - INTERVAL (FLOOR(RAND() * 500)) SECOND, 'Disco', 74, 760294),
(ROUND(RAND() * 100, 2), NOW() - INTERVAL (FLOOR(RAND() * 500)) SECOND, 'Disco', 74, 760294),
(ROUND(RAND() * 100, 2), NOW() - INTERVAL (FLOOR(RAND() * 500)) SECOND, 'Disco', 74, 760294),
(ROUND(RAND() * 100, 2), NOW() - INTERVAL (FLOOR(RAND() * 500)) SECOND, 'Disco', 74, 760294),
(ROUND(RAND() * 100, 2), NOW() - INTERVAL (FLOOR(RAND() * 500)) SECOND, 'Disco', 75, 194736),
(ROUND(RAND() * 100, 2), NOW() - INTERVAL (FLOOR(RAND() * 500)) SECOND, 'Disco', 75, 194736),
(ROUND(RAND() * 100, 2), NOW() - INTERVAL (FLOOR(RAND() * 500)) SECOND, 'Disco', 75, 194736),
(ROUND(RAND() * 100, 2), NOW() - INTERVAL (FLOOR(RAND() * 500)) SECOND, 'Disco', 75, 194736),
(ROUND(RAND() * 100, 2), NOW() - INTERVAL (FLOOR(RAND() * 500)) SECOND, 'Disco', 75, 194736),
(ROUND(RAND() * 100, 2), NOW() - INTERVAL (FLOOR(RAND() * 500)) SECOND, 'Disco', 76, 835142),
(ROUND(RAND() * 100, 2), NOW() - INTERVAL (FLOOR(RAND() * 500)) SECOND, 'Disco', 76, 835142),
(ROUND(RAND() * 100, 2), NOW() - INTERVAL (FLOOR(RAND() * 500)) SECOND, 'Disco', 76, 835142),
(ROUND(RAND() * 100, 2), NOW() - INTERVAL (FLOOR(RAND() * 500)) SECOND, 'Disco', 76, 835142),
(ROUND(RAND() * 100, 2), NOW() - INTERVAL (FLOOR(RAND() * 500)) SECOND, 'Disco', 76, 835142),
(ROUND(RAND() * 100, 2), NOW() - INTERVAL (FLOOR(RAND() * 500)) SECOND, 'Disco', 77, 267483),
(ROUND(RAND() * 100, 2), NOW() - INTERVAL (FLOOR(RAND() * 500)) SECOND, 'Disco', 77, 267483),
(ROUND(RAND() * 100, 2), NOW() - INTERVAL (FLOOR(RAND() * 500)) SECOND, 'Disco', 77, 267483),
(ROUND(RAND() * 100, 2), NOW() - INTERVAL (FLOOR(RAND() * 500)) SECOND, 'Disco', 77, 267483),
(ROUND(RAND() * 100, 2), NOW() - INTERVAL (FLOOR(RAND() * 500)) SECOND, 'Disco', 77, 267483),
(ROUND(RAND() * 100, 2), NOW() - INTERVAL (FLOOR(RAND() * 500)) SECOND, 'Disco', 78, 948210),
(ROUND(RAND() * 100, 2), NOW() - INTERVAL (FLOOR(RAND() * 500)) SECOND, 'Disco', 78, 948210),
(ROUND(RAND() * 100, 2), NOW() - INTERVAL (FLOOR(RAND() * 500)) SECOND, 'Disco', 78, 948210),
(ROUND(RAND() * 100, 2), NOW() - INTERVAL (FLOOR(RAND() * 500)) SECOND, 'Disco', 78, 948210),
(ROUND(RAND() * 100, 2), NOW() - INTERVAL (FLOOR(RAND() * 500)) SECOND, 'Disco', 78, 948210),
(ROUND(RAND() * 100, 2), NOW() - INTERVAL (FLOOR(RAND() * 500)) SECOND, 'Disco', 79, 573821),
(ROUND(RAND() * 100, 2), NOW() - INTERVAL (FLOOR(RAND() * 500)) SECOND, 'Disco', 79, 573821),
(ROUND(RAND() * 100, 2), NOW() - INTERVAL (FLOOR(RAND() * 500)) SECOND, 'Disco', 79, 573821),
(ROUND(RAND() * 100, 2), NOW() - INTERVAL (FLOOR(RAND() * 500)) SECOND, 'Disco', 79, 573821),
(ROUND(RAND() * 100, 2), NOW() - INTERVAL (FLOOR(RAND() * 500)) SECOND, 'Disco', 79, 573821),
(ROUND(RAND() * 100, 2), NOW() - INTERVAL (FLOOR(RAND() * 500)) SECOND, 'Disco', 80, 310694),
(ROUND(RAND() * 100, 2), NOW() - INTERVAL (FLOOR(RAND() * 500)) SECOND, 'Disco', 80, 310694),
(ROUND(RAND() * 100, 2), NOW() - INTERVAL (FLOOR(RAND() * 500)) SECOND, 'Disco', 80, 310694),
(ROUND(RAND() * 100, 2), NOW() - INTERVAL (FLOOR(RAND() * 500)) SECOND, 'Disco', 80, 310694),
(ROUND(RAND() * 100, 2), NOW() - INTERVAL (FLOOR(RAND() * 500)) SECOND, 'Disco', 80, 310694),
(ROUND(RAND() * 100, 2), NOW() - INTERVAL (FLOOR(RAND() * 500)) SECOND, 'Disco', 81, 624159),
(ROUND(RAND() * 100, 2), NOW() - INTERVAL (FLOOR(RAND() * 500)) SECOND, 'Disco', 81, 624159),
(ROUND(RAND() * 100, 2), NOW() - INTERVAL (FLOOR(RAND() * 500)) SECOND, 'Disco', 81, 624159),
(ROUND(RAND() * 100, 2), NOW() - INTERVAL (FLOOR(RAND() * 500)) SECOND, 'Disco', 81, 624159),
(ROUND(RAND() * 100, 2), NOW() - INTERVAL (FLOOR(RAND() * 500)) SECOND, 'Disco', 81, 624159),
(ROUND(RAND() * 100, 2), NOW() - INTERVAL (FLOOR(RAND() * 500)) SECOND, 'Disco', 82, 789302),
(ROUND(RAND() * 100, 2), NOW() - INTERVAL (FLOOR(RAND() * 500)) SECOND, 'Disco', 82, 789302),
(ROUND(RAND() * 100, 2), NOW() - INTERVAL (FLOOR(RAND() * 500)) SECOND, 'Disco', 82, 789302),
(ROUND(RAND() * 100, 2), NOW() - INTERVAL (FLOOR(RAND() * 500)) SECOND, 'Disco', 82, 789302),
(ROUND(RAND() * 100, 2), NOW() - INTERVAL (FLOOR(RAND() * 500)) SECOND, 'Disco', 82, 789302),
(ROUND(RAND() * 100, 2), NOW() - INTERVAL (FLOOR(RAND() * 500)) SECOND, 'Disco', 83, 452170),
(ROUND(RAND() * 100, 2), NOW() - INTERVAL (FLOOR(RAND() * 500)) SECOND, 'Disco', 83, 452170),
(ROUND(RAND() * 100, 2), NOW() - INTERVAL (FLOOR(RAND() * 500)) SECOND, 'Disco', 83, 452170),
(ROUND(RAND() * 100, 2), NOW() - INTERVAL (FLOOR(RAND() * 500)) SECOND, 'Disco', 83, 452170),
(ROUND(RAND() * 100, 2), NOW() - INTERVAL (FLOOR(RAND() * 500)) SECOND, 'Disco', 83, 452170),
(ROUND(RAND() * 100, 2), NOW() - INTERVAL (FLOOR(RAND() * 500)) SECOND, 'Disco', 84, 901635),
(ROUND(RAND() * 100, 2), NOW() - INTERVAL (FLOOR(RAND() * 500)) SECOND, 'Disco', 84, 901635),
(ROUND(RAND() * 100, 2), NOW() - INTERVAL (FLOOR(RAND() * 500)) SECOND, 'Disco', 84, 901635),
(ROUND(RAND() * 100, 2), NOW() - INTERVAL (FLOOR(RAND() * 500)) SECOND, 'Disco', 84, 901635),
(ROUND(RAND() * 100, 2), NOW() - INTERVAL (FLOOR(RAND() * 500)) SECOND, 'Disco', 84, 901635);